# mode	blob	path
100644	573541ac9702dd3969c9bc859d2b91ec1f7e6e56	f00
100644	d00491fd7e5bb6fa28c517a0bb32b8b506539d4d	f01
100644	0cfbf08886fca9a91cb753ec8734c84fcbe52c9f	f02
100644	00750edc07d6415dcc07ae0351e9397b0222b7ba	f03
100644	b8626c4cff2849624fb67f87cd0ad72b163671ad	f04
100644	7ed6ff82de6bcc2a78243fc9c54d3ef5ac14da69	f05
100644	1e8b314962144c26d5e0e50fd29d2ca327864913	f06
100644	7f8f011eb73d6043d2e6db9d2c101195ae2801f2	f07
100644	45a4fb75db864000d01701c0f7a51864bd4daabf	f08
100644	ec635144f60048986bc560c5576355344005e6e7	f09
100644	f599e28b8ab0d8c9c57a486c89c4a5132dcbd3b2	f10
100644	b4de3947675361a7770d29b8982c407b0ec6b2a0	f11
100644	48082f72f087ce7e6fa75b9c41d7387daecd447b	f12
100644	b1bd38b62a0800a4f6a80c34e21c5acffae52c7e	f13
100644	8351c19397f4fcd5238d10034fa7fa384f14d580	f14
100644	60d3b2f4a4cd5f1637eba020358bfe5ecb5edcf2	f15
100644	b6a7d89c68e0ca66e96a9a51892cc33db66fb8a3	f16
100644	98d9bcb75a685dfbfd60f611c309410152935b3d	f17
100644	3c032078a4a21c5c51d3c93d91717c1dabbb8cd0	f18
100644	d6b24041cf04154f8f902651969675021f4d93a5	f19
