id	version	kind	title	cite-key	cite-sec	slide-id	msgid
cs6-eb-method	6.0	lang	식 본문 메서드·연산자 => 식	whatsnew-6	Expression-bodied function members	p7-v6-exprbody	IDS_FeatureExpressionBodiedMethod
cs6-eb-prop	6.0	lang	식 본문 속성 (get 만)	std-classes	15.7.1 General	p7-v6-exprbody-prop	IDS_FeatureExpressionBodiedProperty
cs6-eb-indexer	6.0	lang	식 본문 인덱서 (get 만)	std-classes	15.9.1 General	p7-v6-exprbody-indexer	IDS_FeatureExpressionBodiedIndexer
cs6-autoinit	6.0	lang	자동 속성 초기화자 { get; set; } = 값	whatsnew-6	Auto-property initializers	p7-v6-autoinit	IDS_FeatureAutoPropertyInitializer
cs6-roauto	6.0	lang	get 만 있는 자동 속성 { get; } — 생성자에서만 대입	whatsnew-6	Read-only auto-properties	p7-v6-roauto	IDS_FeatureReadonlyAutoImplementedProperties
cs6-struct-autoprop	6.0	lang	구조체 생성자에서 this() 없이 자동 속성 대입	prop-6-struct-autoprop-init	Relaxed rules for auto-properties in structs	p7-v6-struct-autoprop	
cs6-usingstatic	6.0	lang	using static — 형식의 정적 멤버·중첩 형식 가져오기	whatsnew-6	using static	p7-v6-usingstatic	IDS_FeatureUsingStatic
cs6-filter	6.0	lang	예외 필터 catch … when (조건)	whatsnew-6	Exception filters	p7-v6-filter	IDS_FeatureExceptionFilter
cs6-dictinit	6.0	lang	인덱스 초기화자 { [키] = 값 }	whatsnew-6	Initialize associative collections using indexers	p7-v6-dictinit	IDS_FeatureDictionaryInitializer
cs6-extadd	6.0	lang	컬렉션 초기화자의 확장 메서드 Add	whatsnew-6	Extension Add methods in collection initializers	p7-v6-extadd	
cs6-overload	6.0	compiler	개선된 오버로드 해석 — 메서드 그룹과 Func<Task>	whatsnew-6	Improved overload resolution	p7-v6-overload	
cs6-enum-base	6.0	lang	열거형 기반 형식을 System.Byte 같은 형식 이름으로	prop-6-enum-base-type	Enum Base Type	p7-v6-small	
cs6-empty-params	6.0	compiler	인자 없는 params 에 빈 배열 하나(Array.Empty)	prop-6-empty-params-array	Empty array for zero arguments passed to params parameter		
cs6-await-catch	6.0	lang	catch·finally 안의 await (6부에서)	whatsnew-6	Await in Catch and Finally blocks		IDS_AwaitInCatchAndFinally
