t	x	tilt_deg
0.00	0.00000	0.00000
0.01	0.00000	0.01492
0.02	0.00000	0.10840
0.03	0.00000	0.32988
0.04	0.00001	0.70274
0.05	0.00003	1.23180
0.06	0.00007	1.90974
0.07	0.00015	2.72177
0.08	0.00027	3.64871
0.09	0.00045	4.66933
0.10	0.00072	5.76157
0.11	0.00108	6.90380
0.12	0.00157	8.07507
0.13	0.00219	9.25600
0.14	0.00298	10.42843
0.15	0.00395	11.57625
0.16	0.00512	12.68469
0.17	0.00651	13.74121
0.18	0.00814	14.73448
0.19	0.01003	15.65546
0.20	0.01219	16.49606
0.21	0.01464	17.25047
0.22	0.01739	17.91354
0.23	0.02044	18.48233
0.24	0.02382	18.95427
0.25	0.02751	19.32889
0.26	0.03154	19.60581
0.27	0.03590	19.78662
0.28	0.04059	19.87276
0.29	0.04562	19.86748
0.30	0.05098	19.77366
0.31	0.05666	19.59582
0.32	0.06268	19.33791
0.33	0.06901	19.00538
0.34	0.07565	18.60294
0.35	0.08260	18.13660
0.36	0.08984	17.61151
0.37	0.09737	17.03398
0.38	0.10518	16.40935
0.39	0.11325	15.74394
0.40	0.12157	15.04305
0.41	0.13014	14.31280
0.42	0.13894	13.55826
0.43	0.14795	12.78520
0.44	0.15716	11.99830
0.45	0.16657	11.20282
0.46	0.17615	10.40298
0.47	0.18590	9.60344
0.48	0.19579	8.80787
0.49	0.20582	8.02028
0.50	0.21598	7.24375
0.51	0.22624	6.48164
0.52	0.23659	5.73640
0.53	0.24703	5.01075
0.54	0.25754	4.30654
0.55	0.26811	3.62585
0.56	0.27872	2.96999
0.57	0.28937	2.34044
0.58	0.30004	1.73798
0.59	0.31073	1.16355
0.60	0.32141	0.61750
0.61	0.33210	0.10027
0.62	0.34276	0.38820
0.63	0.35341	0.84786
0.64	0.36402	1.27911
0.65	0.37459	1.68225
0.66	0.38511	2.05795
0.67	0.39559	2.40678
0.68	0.40600	2.72962
0.69	0.41635	3.02728
0.70	0.42663	3.30077
0.71	0.43684	3.55103
0.72	0.44697	3.77922
0.73	0.45701	3.98635
0.74	0.46697	4.17362
0.75	0.47685	4.34212
0.76	0.48663	4.49305
0.77	0.49631	4.62750
0.78	0.50591	4.74666
0.79	0.51540	4.85159
0.80	0.52479	4.94341
0.81	0.53409	5.02316
0.82	0.54328	5.09188
0.83	0.55236	5.15052
0.84	0.56135	5.20004
0.85	0.57023	5.24130
0.86	0.57900	5.27516
0.87	0.58767	5.30239
0.88	0.59623	5.32373
0.89	0.60469	5.33986
0.90	0.61304	5.35142
0.91	0.62128	5.35897
0.92	0.62942	5.36305
0.93	0.63745	5.36413
0.94	0.64538	5.36264
0.95	0.65320	5.35896
0.96	0.66091	5.35342
0.97	0.66852	5.34632
0.98	0.67603	5.33792
0.99	0.68343	5.32842
1.00	0.69073	5.31801
1.01	0.69792	5.30684
1.02	0.70501	5.29502
1.03	0.71200	5.28265
1.04	0.71889	5.26978
1.05	0.72567	5.25647
1.06	0.73235	5.24272
1.07	0.73893	5.22856
1.08	0.74541	5.21396
1.09	0.75179	5.19892
1.10	0.75807	5.18337
1.11	0.76425	5.16732
1.12	0.77033	5.15067
1.13	0.77631	5.13340
1.14	0.78220	5.11542
1.15	0.78798	5.09671
1.16	0.79367	5.07718
1.17	0.79927	5.05679
1.18	0.80477	5.03546
1.19	0.81017	5.01316
1.20	0.81547	4.98980
1.21	0.82069	4.96538
1.22	0.82580	4.93981
1.23	0.83083	4.91310
1.24	0.83576	4.88516
1.25	0.84060	4.85602
1.26	0.84535	4.82561
1.27	0.85001	4.79396
1.28	0.85458	4.76102
1.29	0.85906	4.72682
1.30	0.86346	4.69133
1.31	0.86776	4.65461
1.32	0.87198	4.61661
1.33	0.87611	4.57741
1.34	0.88016	4.53699
1.35	0.88412	4.49541
1.36	0.88800	4.45268
1.37	0.89179	4.40888
1.38	0.89551	4.36399
1.39	0.89914	4.31812
1.40	0.90269	4.27126
1.41	0.90617	4.22352
1.42	0.90956	4.17489
1.43	0.91288	4.12549
1.44	0.91613	4.07532
1.45	0.91929	4.02448
1.46	0.92239	3.97299
1.47	0.92541	3.92094
1.48	0.92836	3.86837
1.49	0.93124	3.81536
1.50	0.93405	3.76193
1.51	0.93678	3.70819
1.52	0.93946	3.65414
1.53	0.94206	3.59988
1.54	0.94460	3.54543
1.55	0.94707	3.49087
1.56	0.94948	3.43622
1.57	0.95183	3.38157
1.58	0.95412	3.32693
1.59	0.95634	3.27237
1.60	0.95851	3.21790
1.61	0.96061	3.16361
1.62	0.96266	3.10949
1.63	0.96466	3.05561
1.64	0.96660	3.00197
1.65	0.96848	2.94865
1.66	0.97031	2.89563
1.67	0.97209	2.84298
1.68	0.97381	2.79069
1.69	0.97549	2.73882
1.70	0.97711	2.68736
1.71	0.97869	2.63635
1.72	0.98022	2.58579
1.73	0.98170	2.53573
1.74	0.98314	2.48614
1.75	0.98453	2.43707
1.76	0.98588	2.38850
1.77	0.98718	2.34048
1.78	0.98845	2.29298
1.79	0.98967	2.24604
1.80	0.99085	2.19964
1.81	0.99199	2.15381
1.82	0.99310	2.10853
1.83	0.99416	2.06383
1.84	0.99519	2.01968
1.85	0.99618	1.97612
1.86	0.99714	1.93311
1.87	0.99806	1.89070
1.88	0.99895	1.84884
1.89	0.99981	1.80758
1.90	1.00063	1.76687
1.91	1.00142	1.72674
1.92	1.00219	1.68717
1.93	1.00292	1.64819
1.94	1.00362	1.60975
1.95	1.00429	1.57190
1.96	1.00494	1.53459
1.97	1.00556	1.49785
1.98	1.00615	1.46166
1.99	1.00671	1.42603
2.00	1.00725	1.39094
2.01	1.00777	1.35640
2.02	1.00826	1.32240
2.03	1.00873	1.28895
2.04	1.00917	1.25603
2.05	1.00960	1.22365
2.06	1.01000	1.19179
2.07	1.01038	1.16046
2.08	1.01074	1.12965
2.09	1.01108	1.09936
2.10	1.01140	1.06959
2.11	1.01170	1.04033
2.12	1.01199	1.01157
2.13	1.01225	0.98333
2.14	1.01250	0.95558
2.15	1.01274	0.92833
2.16	1.01295	0.90157
2.17	1.01315	0.87531
2.18	1.01334	0.84952
2.19	1.01351	0.82423
2.20	1.01366	0.79940
2.21	1.01381	0.77506
2.22	1.01393	0.75118
2.23	1.01405	0.72777
2.24	1.01415	0.70482
2.25	1.01424	0.68233
2.26	1.01432	0.66028
2.27	1.01439	0.63870
2.28	1.01445	0.61755
2.29	1.01449	0.59685
2.30	1.01453	0.57657
2.31	1.01455	0.55674
2.32	1.01457	0.53732
2.33	1.01458	0.51834
2.34	1.01457	0.49976
2.35	1.01456	0.48160
2.36	1.01454	0.46384
2.37	1.01452	0.44649
2.38	1.01448	0.42953
2.39	1.01444	0.41297
2.40	1.01439	0.39679
2.41	1.01434	0.38100
2.42	1.01428	0.36558
2.43	1.01421	0.35053
2.44	1.01414	0.33585
2.45	1.01406	0.32153
2.46	1.01397	0.30756
2.47	1.01388	0.29395
2.48	1.01379	0.28068
2.49	1.01369	0.26775
2.50	1.01358	0.25515
2.51	1.01348	0.24288
2.52	1.01336	0.23093
2.53	1.01325	0.21931
2.54	1.01313	0.20799
2.55	1.01301	0.19699
2.56	1.01288	0.18628
2.57	1.01275	0.17587
2.58	1.01262	0.16575
2.59	1.01249	0.15592
2.60	1.01235	0.14637
2.61	1.01221	0.13710
2.62	1.01207	0.12809
2.63	1.01193	0.11935
2.64	1.01178	0.11087
2.65	1.01164	0.10265
2.66	1.01149	0.09467
2.67	1.01134	0.08694
2.68	1.01119	0.07945
2.69	1.01104	0.07220
2.70	1.01088	0.06517
2.71	1.01073	0.05838
2.72	1.01058	0.05180
2.73	1.01042	0.04544
2.74	1.01027	0.03929
2.75	1.01011	0.03335
2.76	1.00995	0.02761
2.77	1.00980	0.02207
2.78	1.00964	0.01672
2.79	1.00948	0.01156
2.80	1.00933	0.00659
2.81	1.00917	0.00180
2.82	1.00901	0.00282
2.83	1.00886	0.00726
2.84	1.00870	0.01153
2.85	1.00855	0.01564
2.86	1.00839	0.01959
2.87	1.00824	0.02337
2.88	1.00809	0.02701
2.89	1.00793	0.03050
2.90	1.00778	0.03384
2.91	1.00763	0.03704
2.92	1.00748	0.04010
2.93	1.00733	0.04302
2.94	1.00718	0.04581
2.95	1.00704	0.04847
2.96	1.00689	0.05101
2.97	1.00674	0.05343
2.98	1.00660	0.05572
2.99	1.00646	0.05791
3.00	1.00632	0.05998
3.01	1.00618	0.06193
3.02	1.00604	0.06379
3.03	1.00590	0.06554
3.04	1.00576	0.06718
3.05	1.00563	0.06874
3.06	1.00549	0.07019
3.07	1.00536	0.07155
3.08	1.00523	0.07283
3.09	1.00510	0.07401
3.10	1.00497	0.07511
3.11	1.00485	0.07613
3.12	1.00472	0.07707
3.13	1.00460	0.07794
3.14	1.00448	0.07873
3.15	1.00436	0.07944
3.16	1.00424	0.08009
3.17	1.00412	0.08066
3.18	1.00401	0.08118
3.19	1.00389	0.08163
3.20	1.00378	0.08201
3.21	1.00367	0.08234
3.22	1.00356	0.08261
3.23	1.00345	0.08283
3.24	1.00335	0.08299
3.25	1.00324	0.08310
3.26	1.00314	0.08316
3.27	1.00304	0.08317
3.28	1.00294	0.08314
3.29	1.00284	0.08306
3.30	1.00274	0.08294
3.31	1.00265	0.08278
3.32	1.00255	0.08258
3.33	1.00246	0.08234
3.34	1.00237	0.08206
3.35	1.00228	0.08175
3.36	1.00220	0.08141
3.37	1.00211	0.08103
3.38	1.00203	0.08063
3.39	1.00194	0.08019
3.40	1.00186	0.07973
3.41	1.00178	0.07924
3.42	1.00170	0.07873
3.43	1.00163	0.07819
3.44	1.00155	0.07763
3.45	1.00148	0.07704
3.46	1.00141	0.07644
3.47	1.00134	0.07582
3.48	1.00127	0.07517
3.49	1.00120	0.07452
3.50	1.00113	0.07384
3.51	1.00107	0.07315
3.52	1.00100	0.07244
3.53	1.00094	0.07172
3.54	1.00088	0.07099
3.55	1.00082	0.07025
3.56	1.00076	0.06949
3.57	1.00070	0.06873
3.58	1.00065	0.06796
3.59	1.00059	0.06717
3.60	1.00054	0.06638
3.61	1.00048	0.06559
3.62	1.00043	0.06478
3.63	1.00038	0.06397
3.64	1.00033	0.06316
3.65	1.00029	0.06234
3.66	1.00024	0.06152
3.67	1.00019	0.06069
3.68	1.00015	0.05986
3.69	1.00011	0.05903
3.70	1.00006	0.05820
3.71	1.00002	0.05737
3.72	0.99998	0.05653
3.73	0.99994	0.05570
3.74	0.99991	0.05487
3.75	0.99987	0.05403
3.76	0.99983	0.05320
3.77	0.99980	0.05237
3.78	0.99976	0.05155
3.79	0.99973	0.05072
3.80	0.99970	0.04990
3.81	0.99967	0.04908
3.82	0.99964	0.04827
3.83	0.99961	0.04745
3.84	0.99958	0.04665
3.85	0.99955	0.04584
3.86	0.99952	0.04504
3.87	0.99950	0.04425
3.88	0.99947	0.04346
3.89	0.99945	0.04268
3.90	0.99942	0.04190
3.91	0.99940	0.04113
3.92	0.99938	0.04036
3.93	0.99935	0.03961
3.94	0.99933	0.03885
3.95	0.99931	0.03811
3.96	0.99929	0.03737
3.97	0.99927	0.03664
3.98	0.99926	0.03591
3.99	0.99924	0.03519
4.00	0.99922	0.03448
4.01	0.99921	0.03378
4.02	0.99919	0.03308
4.03	0.99917	0.03239
4.04	0.99916	0.03171
4.05	0.99915	0.03104
4.06	0.99913	0.03038
4.07	0.99912	0.02972
4.08	0.99911	0.02907
4.09	0.99910	0.02843
4.10	0.99908	0.02780
4.11	0.99907	0.02718
4.12	0.99906	0.02656
4.13	0.99905	0.02595
4.14	0.99904	0.02535
4.15	0.99903	0.02476
4.16	0.99903	0.02418
4.17	0.99902	0.02361
4.18	0.99901	0.02304
4.19	0.99900	0.02248
4.20	0.99900	0.02193
4.21	0.99899	0.02139
4.22	0.99898	0.02086
4.23	0.99898	0.02034
4.24	0.99897	0.01982
4.25	0.99897	0.01931
4.26	0.99896	0.01881
4.27	0.99896	0.01832
4.28	0.99895	0.01784
4.29	0.99895	0.01736
4.30	0.99895	0.01690
4.31	0.99894	0.01644
4.32	0.99894	0.01599
4.33	0.99894	0.01554
4.34	0.99893	0.01511
4.35	0.99893	0.01468
4.36	0.99893	0.01426
4.37	0.99893	0.01385
4.38	0.99893	0.01345
4.39	0.99893	0.01305
4.40	0.99892	0.01266
4.41	0.99892	0.01228
4.42	0.99892	0.01191
4.43	0.99892	0.01154
4.44	0.99892	0.01118
4.45	0.99892	0.01083
4.46	0.99892	0.01048
4.47	0.99892	0.01015
4.48	0.99892	0.00981
4.49	0.99893	0.00949
4.50	0.99893	0.00917
4.51	0.99893	0.00886
4.52	0.99893	0.00856
4.53	0.99893	0.00826
4.54	0.99893	0.00797
4.55	0.99893	0.00769
4.56	0.99894	0.00741
4.57	0.99894	0.00714
4.58	0.99894	0.00687
4.59	0.99894	0.00661
4.60	0.99894	0.00636
4.61	0.99895	0.00611
4.62	0.99895	0.00587
4.63	0.99895	0.00563
4.64	0.99895	0.00540
4.65	0.99896	0.00517
4.66	0.99896	0.00495
4.67	0.99896	0.00474
4.68	0.99897	0.00453
4.69	0.99897	0.00433
4.70	0.99897	0.00413
4.71	0.99897	0.00394
4.72	0.99898	0.00375
4.73	0.99898	0.00357
4.74	0.99898	0.00339
4.75	0.99899	0.00321
4.76	0.99899	0.00304
4.77	0.99900	0.00288
4.78	0.99900	0.00272
4.79	0.99900	0.00256
4.80	0.99901	0.00241
4.81	0.99901	0.00226
4.82	0.99901	0.00212
4.83	0.99902	0.00198
4.84	0.99902	0.00185
4.85	0.99902	0.00172
4.86	0.99903	0.00159
4.87	0.99903	0.00147
4.88	0.99904	0.00135
4.89	0.99904	0.00123
4.90	0.99904	0.00112
4.91	0.99905	0.00101
4.92	0.99905	0.00091
4.93	0.99906	0.00081
4.94	0.99906	0.00071
4.95	0.99906	0.00061
4.96	0.99907	0.00052
4.97	0.99907	0.00043
4.98	0.99908	0.00035
4.99	0.99908	0.00026
5.00	0.99908	0.00018
