# 비행 제어 펌웨어 표 — PLAN.md §3.2. first-release 는 1차 출처가 적은 가장 이른 공개 연도, 없으면 미확인.
# language 는 GitHub API 의 주 언어, attitude-representation 은 자세 제어기가 다루는 표현(받은 소스에서 확인한 것만).
project	first-release	licence	language	attitude-representation	source	verified-how
PX4	2013	BSD-3-Clause	C++	quaternion	auterion-px4-history; gh-px4-repo; px4-att-cpp	fetched 2026-09-25; Auterion: "In 2011 ... PX4 was born. Two years later, the first stable release was unveiled" → 2013; 라이선스·언어는 GitHub API(spdx·주 언어); AttitudeControl.cpp 가 Quatf 로 자세 오차를 계산. GitHub 릴리스 목록의 가장 이른 항목은 v1.0.0-rc4(2014-12)
ArduPilot	2009	GPL-3.0	C++	quaternion	ardupilot-history; gh-ardupilot-repo; ardupilot-att-cpp	fetched 2026-09-25; History of ArduPilot: "May 2009 - First ArduPilot board (using thermopiles) released", "Nov 2009 - ArduPilot code repository created"; 라이선스·언어는 GitHub API; AC_AttitudeControl.cpp 의 _attitude_target 이 Quaternion
Betaflight	2015	GPL-3.0	C	Euler	gh-betaflight-rel; gh-betaflight-repo; betaflight-pid-c	fetched 2026-09-25; GitHub API: 저장소 생성 2015-06-08, 릴리스 목록에서 가장 이른 2.1.0 이 2015-10-29 게시; pid.c 의 pidLevel 이 attitude.raw(롤·피치 0.1도 단위 오일러 각)로 각도 오차를 계산
INAV	2016	GPL-3.0	C	Euler	gh-inav-rel; gh-inav-repo; inav-pid-c	fetched 2026-09-25; GitHub API: 릴리스 목록에서 가장 이른 1.0 이 2016-01-23 게시; pid.c 가 angleTarget - attitude.raw[axis](0.1도 단위 오일러 각)로 각도 오차를 계산
MultiWii	미확인	GPL-3.0	C++	Euler	gh-multiwii-repo; multiwii-cpp	fetched 2026-09-25; 첫 배포 연도는 1차 출처 미확인(GitHub 저장소 생성 2012-07-20 은 옮겨 온 날일 수 있어 쓰지 않았다, multiwii.com 은 도메인 대기 쪽); GitHub API 는 라이선스를 못 읽어 MultiWii.cpp 머리의 "GNU General Public License ... version 3" 을 적음; 각도 오차가 att.angle(오일러 각)
Paparazzi UAV	미확인	GPL-2.0-or-later	C	quaternion / Euler (선택)	paparazzi-docs; gh-paparazzi-repo; paparazzi-stab-quat-c; paparazzi-stab-euler-c	fetched 2026-09-25; 첫 배포 연도 미확인 — 문서는 "founded in 2003"(창립)이라고만 적는다; 라이선스는 소스 머리 "version 2, or (at your option) any later version"; 회전익 자세 안정화가 stabilization_attitude_quat_int.c(쿼터니언)와 _euler_int.c(오일러) 두 구현
Crazyflie firmware	미확인	GPL-3.0	C	Euler	gh-crazyflie-repo; crazyflie-att-pid-c	fetched 2026-09-25; 첫 배포 연도 미확인 — GitHub 저장소 생성 2014-02-21·가장 이른 GitHub 릴리스 2014.12.0 은 저장소를 옮긴 뒤의 기록일 수 있다; 기본 PID 제어기 attitude_pid_controller.c 가 eulerRollActual 등 오일러 각을 쓴다(다른 제어기는 보지 않았다)
Skybrush ArduPilot 포크	미확인	GPL-3.0	C++	미확인	gh-skybrush-repos	fetched 2026-09-25; GitHub API 저장소 목록에 skybrush-io/ardupilot 이 fork=true 로 있다; 첫 배포·자세 표현은 포크 소스를 보지 않아 미확인
Skybrush Crazyflie 포크	미확인	GPL-3.0	C	미확인	gh-skybrush-repos	fetched 2026-09-25; GitHub API 저장소 목록에 skybrush-io/crazyflie-firmware 가 fork=true 로 있다; 첫 배포·자세 표현은 포크 소스를 보지 않아 미확인
