# 연표 — PLAN.md §3.2·§5 8단계에서 채운다(≥ 220행, 1849 → 2026-09). 위키백과 주소는 출처가 아니다.
date	event(ko)	kind	source	verified-how
1849-07-15	베네치아를 포위한 오스트리아군이 증기선 불카노 갑판에서 시한 신관 폭탄을 매단 무인 풍선 두 개를 띄움 — 사람 없는 비행체를 무기로 쓴 첫 기록으로 꼽힘	military	airminded-venice-1849	fetched 2026-09-25 — 1849-08-29 Morning Chronicle 인용 'July the 15th … two balloons … from the deck of the Volcano'; history.com 은 8월 22일로 적어 날짜가 엇갈림(claims/p02.md)
1849-08-22	베네치아(산마르코 공화국)가 오스트리아에 항복 — 풍선 공격이 있었던 포위전이 끝남	military	airminded-venice-1849	fetched 2026-09-25 — 'On 22 August 1849, the Republic of San Marco surrendered to Austria'
1898	테슬라가 매디슨 스퀘어 가든 제1회 전기 박람회에서 전파로 조종하는 배 모형을 공개 시연	hobby	tesla-museum-boat	fetched 2026-09-25 — 'presented at the first Electrical Exhibition at Madison Square Garden, New York, in 1898'
1898-07-01	니콜라 테슬라가 움직이는 배·차량의 기구를 원격으로 제어하는 방법과 장치 특허(US 613,809)를 출원	hobby	tesla-museum-boat	fetched 2026-09-25 — 'No. 613,809, was submitted by Tesla on July 1, 1898'
1898-11-08	테슬라의 원격 제어 특허 US 613,809 등록	hobby	tesla-museum-boat	fetched 2026-09-25 — 'approved by the US Patent Office on November 8 the same year'
1899	테슬라가 시카고 강연에서 잠수 기능을 더한 개량형 원격 조종 배를 선보임	hobby	tesla-museum-boat	fetched 2026-09-25 — 'an improved version of the ship, with diving capabilities, at a lecture he held in Chicago in 1899'
1907-09-29	브레게-리셰 자이로플레인 1호가 사람을 태우고 0.6 m 떠오름 — 네 개의 회전날개 묶음을 가진 첫 멀티로터(쿼드콥터) 비행으로 기록됨	multirotor	vfs-breguet-1907	fetched 2026-09-25 — VFS 이정표 'Sunday, September 29, 1907 - Douai', 'first multi-rotor rotorcraft (a quadcopter)'
1911	미 해군이 자이로스코프 발명가 엘머 스페리와 무인 비행기용 시스템 개발 계약	military	https://www.navy.mil/DesktopModules/ArticleCS/Print.aspx?PortalId=1&ModuleId=523&Article=3328115	fetched 2026-09-25 (curl; fetch_docs 는 403) — 'In 1911, the Navy contracted Elmer Sperry'
1917-03	영국의 무선 조종 표적기 '에어리얼 타깃' 첫 시험 — IWM 은 조종된 채 날아간 첫 드론으로 소개	military	iwm-drones-history	fetched 2026-09-25 — 'first tested in March 1917', 'the first drone to fly under control'
1917-09	미 해군 '공중 어뢰' 휴잇-스페리 자동 비행기 비행	military	https://www.navy.mil/DesktopModules/ArticleCS/Print.aspx?PortalId=1&ModuleId=523&Article=3328115	fetched 2026-09-25 (curl; fetch_docs 는 403) — 'In September 1917 … the Hewitt-Sperry Automatic Airplane … took flight'
1918	사출대에 올린 휴잇-스페리 자동 비행기가 100야드를 날고 추락, 설계가 중단됨(NASM 사진 설명)	military	nasm-hewitt-sperry	fetched 2026-09-25 — 'sits on its launch catapult in 1918. The aircraft crashed after flying only 100 yards'
1918-04-02	무인·계류 관측 헬리콥터 PKZ 2 첫 비행	military	vfs-pkz2-1918	fetched 2026-09-25 — 'First flight of the PKZ 2 unmanned/Tethered Observation Helicopter, Tuesday, April 2, 1918'
1918-10	미 육군 공중 어뢰 '케터링 버그' 첫 비행 — 전쟁 중 실전에는 쓰이지 않음	military	iwm-drones-history	fetched 2026-09-25 — 'the Kettering Bug first flew in October 1918 … neither were used operationally'
1922-12-18	드 보테자 헬리콥터(회전날개 4개) 첫 비행 — 1분 42초 동안 약 6 ft 높이	multirotor	vfs-bothezat-1922;vfs-bothezat-aircraft	fetched 2026-09-25 — 'Monday, December 18, 1922 - McCook Field', 'Lift devices: 4 in Multi-rotor configuration'
1935	영국이 표적 훈련용 무선 조종기 DH.82B 퀸 비를 여러 대 제작 — '드론'이라는 말이 이 이름에서 나왔다고 여겨짐	military	iwm-drones-history	fetched 2026-09-25 — 'It's thought the term drone started to be used at this time, inspired by … the DH.82B Queen Bee'
1935	레지널드 데니가 첫 무선 조종 표적기 RP-1 을 미 육군에 시연(시연 중 추락)	military	ma-denny-targets	fetched 2026-09-25 — 'Denny demonstrated the first RC target drone, RP-1, for the U.S. Army at Fort McArthur, California, in 1935'
1936	미국 모형항공협회(AMA) 창립	hobby	https://www.amaflightschool.org/academy-model-aeronautics-was-founded-1936	fetched 2026-09-25 — AMA Flight School 'The Academy of Model Aeronautics was founded in 1936'
1938	쌍둥이 형제 월터·빌 굿의 무선 조종 모형기 Big Guff — 처음으로 성공한 RC 비행기로 꼽힘	hobby	man-big-guff;ma-rc-history	fetched 2026-09-25 — 'built and flown by twin brothers Walter and Bill Good in 1938'; 한 검색 요약은 1937 Nats 로 적어 엇갈림(claims/p02.md)
1938	레오 와이스의 8채널 톤-리드 방식 무선 조종 장치가 처음 소개됨	hobby	ma-rc-history	fetched 2026-09-25 — 'As early as 1938, Leo Weiss was recognized as describing the first tone reed system'
1940	굿 형제가 RC 부문 전국 대회(Nats)를 1938·1939·1940년 연속 우승	hobby	ma-rc-history	fetched 2026-09-25 — 'The pair won the RC Nats in 1938, 1939, and 1940'
1941-06	라디오플레인 OQ-2 표적 드론이 샌퍼낸도 밸리 공장에서 생산 라인을 나오기 시작 — 미국 최초의 대량 생산 무인기	military	ma-denny-targets;yanks-oq2a	fetched 2026-09-25 — 'The first Radioplane OQ-2 drones left the production line … in June 1941'; Yanks 'the first mass-produced UAV in the United States'
1944-06-13	독일 V-1 비행폭탄(펄스제트로 나는 무인 날개 폭탄)의 첫 발이 런던에 떨어짐	military	iwm-v-weapons	fetched 2026-09-25 — '13 June 1944, the day the first flying bombs hit London'
1945	1941–1945년 라디오플레인 표적 드론이 육·해군용으로 모두 14,891대 생산됨	military	ma-denny-targets	fetched 2026-09-25 — 'A total of 14,891 drones were produced for the Army and Navy from 1941 through 1945'; Yanks 는 '15,000 all mods' 로 적음
1946-03-01	미 FCC 명령 130-C 시행 — 6 m(50–54 MHz) 아마추어 대역이 생겨 RC 취미에 쓰임	hobby	ma-rc-history	fetched 2026-09-25 — 'FCC Order 130-C went into effect on March 1, 1946'
1946-08-06	원격 조종 B-17 시제기 두 대가 하와이 힐로에서 캘리포니아 머록까지 약 15시간 비행 — 원격 조종 항속 기록	military	iwm-drones-history	fetched 2026-09-25 — 'takes off from Hilo … 6 August 1946 … taking almost 15 hours and setting a new endurance record'
1949	FCC 가 시험 없이 쓸 수 있는 첫 RC 주파수를 내줌	hobby	ma-rc-history	fetched 2026-09-25 — 'The first examination-free frequency was provided by FCC in 1949'
1952	FCC 가 27 MHz 대역의 RC 사용을 허가	hobby	ma-rc-history	fetched 2026-09-25 — '1952 was a big year for RC modelers when the FCC granted use of the 27 [MHz]'
1953-05-31	카만 HTK-1K — 처음으로 완전 원격 조종으로 비행한 헬리콥터(해군연구청 후원)	military	vfs-kaman-1953	fetched 2026-09-25 — VFS 'First fully remote controlled helicopter flown (Kaman HTK-1K)', 'the exact day for this milestone is unknown'
1954	돈 브라운의 Galloping Ghost — 처음으로 여러 조종면을 다룬 RC 방식으로 여겨짐	hobby	ma-rc-history	fetched 2026-09-25 — 'In 1954, Don Brown developed the Galloping Ghost system, which might have been the first multicontrol system'
1956	잭 올브레히트가 처음으로 손에 드는 RC 송신기를 만든 것으로 여겨짐	hobby	ma-rc-history	fetched 2026-09-25 — 'Jack Albrecht built what is thought to be the first handheld transmitter in 1956'
1956-03	컨버터윙스 Model A(4로터) 첫 비행	multirotor	vfs-convertawings	fetched 2026-09-25 — 'First flight March 1956', 'Lift devices: 4 in Multi-rotor configuration'
1960	첫 상용 비례 제어 RC 장치 Space Control(Zel Richie)	hobby	ma-rc-history	fetched 2026-09-25 — '1960 saw the first commercially available proportional system, Space Control'
1960-05-01	소련이 U-2 정찰기를 격추 — NASM 은 이 사건이 정찰 UAV 개발에 불을 붙였다고 서술	military	nasm-pioneer	fetched 2026-09-25 — 'On May 1, 1960, Soviet forces downed Francis Gary Powers … jump-started the development of reconnaissance UAVs'
1962	첫 상용 4-스틱 비례 제어 조종기 Astroguide(Klinetronics)	hobby	ma-rc-history	fetched 2026-09-25 — '1962 also saw the first commercially produced four-stick proportional radio, the Astroguide'
1965	FCC 가 72 MHz 대역에 RC 주파수 5개를 할당	hobby	ma-rc-history	fetched 2026-09-25 — 'in 1965 when the FCC granted five frequencies on 72 MHz band'; 같은 글의 연표는 간격을 80 kHz·40 kHz 두 가지로 적음
1966-03-17	Bell X-22A 쿼드 틸트덕트 기체 첫 비행	multirotor	vfs-x22a-1966	fetched 2026-09-25 — 'First flight of Bell Aerosystems X-22A Quad Tilt-Duct, Thursday, March 17, 1966'
1967-06	6일 전쟁 뒤 이스라엘이 원격 조종 항공기 기술에 크게 투자하기 시작	military	nasm-pioneer	fetched 2026-09-25 — 'Israel invested heavily in remotely piloted aircraft technology during the late 1960s after … the Six-Day War in early June 1967'
1969	RC 에 FM·PCM 수신기가 등장	hobby	ma-rc-history	fetched 2026-09-25 — '1969: FM and PCM receivers were introduced'
1976	장난감 회사 마텔이 29달러짜리 단채널 RC 장치로 RC 취미 시장에 진입	hobby	ma-rc-history	fetched 2026-09-25 — 'Mattel … entered the RC hobby with its inexpensive single-channel pulse-proportional system that sold for $29'
1982	JR Radio 가 첫 컴퓨터 송신기를 내놓음	hobby	ma-rc-history	fetched 2026-09-25 — '1982: The first computer transmitter was introduced by JR Radio'
1982	이스라엘 IAI 가 Scout 정찰 UAV 를 생산 — 운용 성과가 미 해군의 도입 검토로 이어짐	military	nasm-pioneer	fetched 2026-09-25 — 'When Israel invaded Lebanon in 1982, Israel Aircraft Industries … was manufacturing the Scout UAV'
1983	에이브러햄 카렘이 DARPA 용 장기 체공 정찰 UAV 시제기 Albatross 를 개발 — 뒷날 프레데터의 뿌리	military	nasm-predator	fetched 2026-09-25 — 'By 1983, he had developed a small long-endurance tactical reconnaissance UAV prototype called the Albatross for DARPA'
1984	IAI 와 Tadiran 이 합작사 Mazlat 을 세워 Scout 개량형 Pioneer 를 개발	military	nasm-pioneer	fetched 2026-09-25 — 'In 1984, IAI and Tadiran, Ltd., formed a joint subsidiary company called Mazlat Ltd., to develop … the Pioneer'
1986-06	미 해군이 첫 Pioneer UAV 를 인수(72대 구매의 첫 물량)	military	nasm-pioneer	fetched 2026-09-25 — 'U.S. Navy forces received their first Pioneers in June 1986'
1987	야마하가 산업용 무인 헬리콥터 R-50 을 완성 — 15 kg 을 싣고 농약 살포 시연에 성공, 그해 12월부터 20대 한정 판매	consumer	yamaha-r50	fetched 2026-09-25 — 'The first model, the R-50 (L09), was completed in 1987 … carrying a 15-kilogram payload … a limited run of just 20'
1988	FCC 가 72 MHz 대역에 20 kHz 간격의 협대역 RC 채널을 추가	hobby	ma-rc-history	fetched 2026-09-25 — '1988: The FCC granted additional channels on the 72 MHz band with 20 kHz spacing'
1991	아날로그 디바이스 ADXL50 — 상용화된 첫 MEMS 가속도계(에어백용)	consumer	https://www.analog.com/en/resources/analog-dialogue/articles/surface-machined-monolithic-accelerometer.html	websearch 2026-09-25 — ADI 자료 요약 'ADXL50 … released in 1991'(ADI 쪽 문서는 403 이라 원문 미확인)
1992	일본에서 첫 산업용 무인 헬리콥터 비행 기술 경기 대회가 열림(도치기현)	consumer	yamaha-r50	fetched 2026-09-25 — 'in 1992, the first National Industrial-Use Unmanned Helicopter Flight Technique Competition was held in Tochigi'
1994-07	제너럴 아토믹스 프레데터(당시 RQ-1) 첫 비행	military	ga-predator-25	fetched 2026-09-25 — 'Predator A completed its first flight in July 1994'
1995	프레데터가 실전 배치됨	military	ga-predator-25	fetched 2026-09-25 — 'made its operational debut in 1995'
1997-10	야마하 RMAX 판매 시작 — 탑재량·기동성을 높인 산업용 무인 헬리콥터	consumer	yamaha-rmax	fetched 2026-09-25 — 'launched sales of the Yamaha RMAX Aero Robot in October 1997'
1998-02-28	노스럽 그러먼 글로벌 호크 1호기(AV-1) 에드워즈 공군기지에서 첫 비행	military	https://investor.northropgrumman.com/news-releases/news-release-details/first-ever-rq-4-global-hawk-hits-100th-flight-nasa-mission	websearch 2026-09-25 — NG 보도자료 요약 'AV-1 completed its first flight on February 28, 1998 … Edwards'(원문 받기 실패)
1999	GPS 로 자율 항법하는 RMAX 완성	consumer	yamaha-rmax	fetched 2026-09-25 — 'The autonomous-navigation RMAX equipped with a global positioning system … was completed in 1999'
2001	해군연구소·해병대 전투연구소가 손으로 던져 띄우는 자율 소형 정찰 UAV Dragon Eye 를 설계	military	nasm-uav-exhibit	fetched 2026-09-25 — 'In early 2001, the Naval Research Laboratory and the U. S. Marine Corps Warfighting Laboratory designed and built the Dragon Eye'
2002	미 공군이 프레데터의 명칭을 MQ-1 로 바꿈	military	ga-predator-25	fetched 2026-09-25 — 'The U.S. Air Force changed the designation to MQ-1 Predator in 2002'
2002-05	보잉 X-45A 첫 비행 — 처음부터 전투용으로 설계된 현대 UAV 로 NASM 이 소개	military	nasm-uav-exhibit	fetched 2026-09-25 — 'The X-45A first flew in May 2002'
2003	오픈소스 자동 비행 프로젝트 Paparazzi UAV 시작	multirotor	paparazzi-docs	fetched 2026-09-25 — 'founded in 2003'
2003-04	GPS 를 단 RMAX Type G 상용화	consumer	yamaha-rmax	fetched 2026-09-25 — 'commercialized in April 2003 as the RMAX Type G (UAV)'
2004	스펙트럼이 2.4 GHz 확산 대역(DSM) 을 쓰는 첫 상용 RC 장치를 내놓음	hobby	ma-rc-history	fetched 2026-09-25 — 'In 2004, the first commercial RC system using spread spectrum technology was introduced by Spektrum. It operated on 2.4 GHz'
